"FSA","fam2018","famincome2018median","hholdpop2018","median_age","immigrant2018pct","aboriginalmothertongue2018pct","universitydegree2018pct","belowhighschool2018pct","highschool2018pct","trade2018pct","college2018pct","universitynondegree2018pct","Median_price_detach","Median_price_semi","Median_price_apart","cosmopolitan_elite2018","urbane_villagers2018","arts_affluence2018","suburban_success2018","asian_sophisticates2018","kids_careers2018","boomerang_city2018","satellite_burbs2018","emptying_nests2018","urban_digerati2018","street_scenes2018","asian_avenues2018","diversity_heights2018","heritage_hubs2018","pets_pcs2018","exurban_wonderland2018","management_material2018","grey_pride2018","aging_in_suburbia2018","asian_new_wave2018","fresh_air_families2018","south_asian_society2018","second_city_retirees2018","metro_multiculturals2018","silver_linings2018","new_world_symphony2018","heartland_retirees2018","rooms_with_a_view2018","country_acres2018","exurban_homesteaders2018","trucks_trades2018","grads_pads2018","our_time2018","wide_open_spaces2018","home_sweet_rows2018","traditional_town_living2018","suburban_scramble2018"
"V0A",6061,66482.08,13556,44.9,0.1028,0,0.2171,0.1608,0.2792,0.1208,0.1754,0.0467,350000,208000,181000,0,0.0168,0,0,0,0,0,0,0,0,0,0,0,0,0,0,0,0,0,0,0,0,0,0,0,0,0.0379,0,0,0.0873,0.0228,0,0,0.0295,0,0.0101,0
"V0B",14527,58081.53,32354,47.8,0.0966,2e-04,0.1967,0.1692,0.2783,0.1338,0.1802,0.0419,478000,476000,205000,0,0,0,0,0,0,1e-04,0,8e-04,0,0,0,0,0,0,7e-04,0,0,0,0,6e-04,0,8e-04,0,0,0,0.1276,0,0,0.0021,0.1784,0,6e-04,0.011,0,0.0823,0
"V0C",9859,73533.75,25620,36.3,0.0703,0.0084,0.0872,0.2855,0.2856,0.151,0.1681,0.0225,404000,328000,343000,0,0,0,0,0,0,0,0.0023,0,0,0,0,0,0,0,8e-04,0,0,0,0,0.0399,0,0,0,0,0,9e-04,0,0.0014,0.4234,0.003,0,0,0.3295,0,0.0426,0
"V0E",27971,51395.29,62439,51.3,0.0878,4e-04,0.1341,0.1908,0.3031,0.1583,0.1684,0.0453,497000,627000,181000,0,0,0,0,0,0,0.0017,7e-04,6e-04,0,0,0,0,0,0,6e-04,0,0,9e-04,0,0.003,0,0.008,0,0,0,0.2581,0,0.0093,0.0023,0,0,5e-04,0.068,0,0.0156,3e-04
"V0G",10476,47981.23,22439,48.8,0.0922,4e-04,0.2184,0.1846,0.2313,0.1571,0.1819,0.0267,314000,208000,181000,0,0,0,0,0,0,3e-04,0.0022,0.0116,0,0,0,0,0,0,0.0042,0,0,0,0,0.0273,0,0.0051,0,0,0,0.1236,0,0.001,0.0782,0.0178,0,0.0011,2e-04,0,0.0368,0
"V0H",24361,52456.57,52679,56.4,0.1287,3e-04,0.1679,0.1795,0.2593,0.1493,0.1884,0.0557,509000,362000,247000,0,0,0,0,0,0,9e-04,0.0099,0.1371,0,0,0,0,0,0,0,0,0,6e-04,0,0.0059,0,0.0643,0,0,0,0.2874,0,0.0111,0.0041,0,0,0.0211,4e-04,0,0.0154,9e-04
"V0J",21299,63438.41,53283,41.4,0.0738,6e-04,0.1296,0.2494,0.302,0.1289,0.1569,0.0332,303000,208000,181000,0,0,0,0,0,0,0,0,0,0,0,0,0,0,0,8e-04,0,0,1e-04,0,9e-04,0,0.0011,0,0,0,0.0244,0,0.0147,0.1488,0,0,0,0.2304,0,0.0182,0
"V0K",14664,50551.19,31292,54.1,0.0857,3e-04,0.1239,0.2352,0.3028,0.1424,0.1472,0.0485,226000,208000,181000,0,0,0,0,0,0,0,0.0042,0,0,0,0,0,0,0,4e-04,0,0,3e-04,0,0.004,0,0.0338,0,0,0,0.1922,0,3e-04,0.0016,0.0031,0,0,0.0818,0,0.0036,3e-04
"V0L",1651,36800.8,4095,48.3,0.0598,5e-04,0.0946,0.3706,0.258,0.1195,0.1313,0.026,273600,208000,181000,0,0,0,0,0,0,0,0,0,0,0,0,0,0,0,0.0036,0,0,0.0012,0,0.0139,0,0.0055,0,0,0,0.02,0,0,0.0581,0,0,0,0.1454,0,0.0109,0.0012
"V0M",4742,54631.21,11357,47.8,0.1481,2e-04,0.14,0.213,0.2873,0.1461,0.1626,0.0509,556000,208000,310000,0,0,0,0,0,0,0,0.0013,0.0046,0,0,0,0,0,0,0,0,0,0,0,0,0,0.0609,0,0,0,0.0049,0,0,0,4e-04,0,0,0.0302,0,0.0078,0.0036
"V0N",35954,59273.14,81875,46.6,0.1557,2e-04,0.2946,0.1142,0.2573,0.1145,0.1652,0.0543,389000,208000,181000,0,0,0,0,0,0,0,0.035,0.0471,0,0.003,0,0,0,3e-04,0.0037,0.0182,0,0.0178,0,0.0028,0,0.0577,0,0,0,0.3196,0,9e-04,9e-04,0.026,0,0.0626,0.0042,0,0.001,0.0297
"V0P",3264,41499.16,6684,54.9,0.0875,7e-04,0.2089,0.1792,0.3035,0.127,0.1279,0.0535,153000,105000,181000,0,0,0,0,0,0,0,0.0086,0.0031,0,0,0,0,0,0,0,0,0,0,0,0,0,0.0656,0,0,0,0.034,0,0,0.0086,0.0193,0,0.0021,0,0,6e-04,0.0015
"V0R",25758,57861.33,57442,51.4,0.1068,2e-04,0.2258,0.1551,0.2512,0.1284,0.1881,0.0513,325000,208000,181000,0,0,0,0,0,0,3e-04,0.0268,0.2016,0,0,0,0,0,0,0.0014,0,0,0.0125,0,0.0548,0,0.0547,0,0,0,0.2879,0,0.0082,0.0313,0.0022,0,0.0278,0.0247,0,0,0.0024
"V0S",113,54044.42,208,50.6,0.0721,0,0.2105,0.2573,0.2339,0.1345,0.0936,0.0702,464000,375000,219000,0,0,0,0,0,0,0,0,0,0,0,0,0,0,0,0,0,0,0,0,0,0,0,0,0,0,0.0089,0,0,0.0089,0,0,0.0089,0,0,0,0
"V0T",3534,49729.43,8414,43.3,0.0479,7e-04,0.1668,0.3161,0.2422,0.1058,0.1229,0.0462,148000,208000,181000,0,0,0,0,0,0,0,0,0,0,0,0,0,0,0,0.0011,0,0,0,0,0,0,0,0,0,0,0,0,0,0.0835,0.0025,0,0,0.0444,0,0.0125,0
"V0V",575,56821.08,1639,38.3,0.05,0,0.0371,0.3223,0.297,0.1572,0.1288,0.0577,200000,208000,181000,0,0,0,0,0,0,0,0,0,0,0,0,0,0,0,0,0,0,0,0,0,0,0,0,0,0,0,0,0,0.0609,0.0574,0,0,0.0261,0,0.2017,0
"V0W",301,84346.59,597,54.6,0.1106,0.0101,0.1601,0.1639,0.1825,0.1676,0.3017,0.0242,117000,208000,181000,0,0,0,0,0,0,0,0,0,0,0,0,0,0,0,0,0,0,0,0,0,0,0,0,0,0,0,0,0,0.01,0,0,0,0,0,0,0
"V0X",9248,49337.24,20184,52.9,0.1219,3e-04,0.1391,0.2454,0.2704,0.1458,0.1476,0.0516,394000,208000,181000,0,0,0,0,0,0,0,0,4e-04,0,0,0,0,0,0,0,0,0,0,0,0.001,0,0.0185,0,0,0,0.1702,0,0,0,0,0,0,0.0164,0,0.16,0.0018
"V1A",3848,57618.06,8349,46.6,0.1019,4e-04,0.2193,0.1244,0.2373,0.148,0.221,0.0501,258000,295000,168000,0,0,0,0,0,0,0.0166,0.032,0.0559,0,0,0,0,0,5e-04,0.0211,8e-04,0,0.0065,0,0.0577,0,0.0369,0,0,0,0.067,0,0.0457,0.0707,0.0192,0,0.026,0,0,0.0198,5e-04
"V1B",8455,74806.76,21801,47.8,0.1314,0,0.2777,0.1183,0.244,0.1092,0.1907,0.0601,439000,338000,217000,5e-04,0.0342,0,0.0297,0,0.0031,0.0066,0.3211,0.0899,0,0,0,0,0,0,0.0528,0,0,0.1145,0,0.0471,0,0.0791,0,0,0,0.0322,0,0.0052,6e-04,0,0,0.0376,0.0114,0,0.0194,0.0168
"V1C",11138,61330.93,25856,45.5,0.1081,4e-04,0.1774,0.1863,0.2639,0.1262,0.2068,0.0394,284000,272000,150000,5e-04,0.007,0,2e-04,0,6e-04,0.0073,0.1376,0.0532,0,3e-04,0,0,0,0.0045,0.0686,0,0,0.1029,0,0.0466,0,0.0491,0,0,0,0.0171,0,0.0248,0.0045,0.0338,0,0.0399,0,0,0.0057,0.048
"V1E",8960,53375.46,20605,49.9,0.1026,2e-04,0.1843,0.171,0.2889,0.1317,0.1828,0.0413,420000,208000,223000,0,0,0,0,0,0,0.0076,0.0853,0.0578,0,0,0,0,0,0.0012,0.0225,0,0,0.0458,0,0.0338,0,0.0981,1e-04,0,0,0.059,0,0.0242,0.0032,0.0035,0,0.0984,0.0148,0,0.0355,0.0129
"V1G",7209,64557.95,17327,36.5,0.0621,0.0063,0.122,0.241,0.2742,0.158,0.1664,0.0384,270000,289000,181000,0.0011,0.0021,0,0,0,0,0.0017,0.0119,7e-04,0,0.0015,0,0,0,0.0082,0.0764,0,0,0.0158,0,0.0369,0,0.0104,0,0,0,0.0037,0,0.0018,0.0476,0.1373,0,0.028,0.0778,0,0.0671,0.1089
"V1H",5955,63484.95,13178,56.4,0.1348,9e-04,0.2038,0.1361,0.2853,0.1359,0.2012,0.0378,439000,338000,217000,0,0.0195,0,0.0017,0,0.0047,0.0037,0.1016,0.1214,0,0,0,0,0,0.0081,0.0452,0,0,0.0806,0,0.0274,0,0.0559,0,0,0,0.2057,0,0.0492,0,0.001,0,0.0144,0.0097,0,0.0042,0.0195
"V1J",10631,93921.17,27068,33.2,0.0589,0.002,0.1316,0.2249,0.2888,0.1392,0.18,0.0355,351000,299000,256000,3e-04,0.0072,0,0,0,0.0019,0.007,0.0182,0.0013,0,1e-04,0,0,0.0022,0.1181,0.0366,0,0,0.0293,0,0.0721,0,0.002,2e-04,0,0,0,0,8e-04,0.0454,0.1503,0,0.0071,0.053,0,0.0583,0.2079
"V1K",4007,48179.62,9394,47.4,0.0802,4e-04,0.1592,0.2633,0.2794,0.1174,0.1414,0.0392,298000,152000,181000,0,0.004,0,0,0,0,0.0062,0.0327,0.0115,0,0,0,0,0,0,0.0095,0,0,0,0,0.0202,0,0.0152,0,0,0,0.0487,0,0.0015,0.0294,0.011,0,0.0052,0.0145,0,0,0.0417
"V1L",8356,47569.38,17714,45.3,0.1112,2e-04,0.2941,0.1082,0.2688,0.1001,0.1907,0.038,404000,328000,343000,0.0016,0.0011,0,1e-04,0,8e-04,0.0347,0.0199,0.0888,0,0.0194,0,0,0,0.0044,0.0065,0,0,0.031,0,0.0166,0,0.0405,0,0,0,0.1198,0,0.0104,0.0045,0.012,0,0.1532,4e-04,0,0.0013,0.0195
"V1M",11929,87921.44,32657,42.7,0.1891,0,0.2685,0.1238,0.2793,0.0871,0.173,0.0683,806000,522000,307000,0,0.0602,0,0.0077,0,0.1046,0.043,0.1091,0.0985,0,0,0,0.0034,0.0166,0.0076,0.0251,0.0944,0.0075,0.269,0,0.0219,0,0.0125,0,0,0.0287,0.0019,0,0,2e-04,0.0149,0,0.049,0.0023,4e-04,0.0022,0.004
"V1N",6038,63982.07,13511,47.2,0.1142,0,0.1586,0.1603,0.2523,0.1816,0.201,0.0463,297000,208000,200000,0,2e-04,0,0,0,8e-04,0.0041,0.0957,0.052,0,0,0,2e-04,0,3e-04,0.0457,0,0,0.0123,0,0.0417,0,0.0431,0,0,0,0.0446,0,0.0336,0.0616,0.0041,0,0.0371,0.0126,0,0.0489,0.0081
"V1P",2932,69499.88,8147,41.4,0.1273,0,0.1929,0.12,0.2699,0.1494,0.2197,0.048,638000,419000,295000,0,0.0075,0,0,0,0.0044,0.001,0.1078,0.0109,0,0,0,0,0,0,0.1589,0,0,0.3414,0,0.1572,0,0,0,0,0,0.0061,0,0.0099,0.0044,0.0573,0,0.0113,0.0143,0,0.0355,0.0362
"V1R",5212,51119.24,10822,49.3,0.0869,4e-04,0.1513,0.176,0.275,0.1432,0.2115,0.043,203000,256000,181000,0,0,0,2e-04,0,0,0.0029,0.0422,0.0211,0,0,0,0,0,0,0.0297,0,0,0.009,0,0.0491,0,0.0698,4e-04,0,0,0.0052,0,0.009,0.084,0.0044,0,0.0295,0.0027,0,0.0023,0.0033
"V1S",4469,83964.71,11510,39,0.092,2e-04,0.2928,0.1052,0.2418,0.0951,0.1727,0.0925,424000,329000,232000,0,0.0112,0,0.0154,0,0.0718,0.0486,0.1922,0.0667,0,0,0,0,0.0083,0.0904,0.0799,0,0,0.115,0,0.0991,0,0.0222,0,0,0.0103,0.0051,0,0.0034,0,0.0018,0,0.0624,2e-04,0,0.0051,0.047
"V1T",13064,42242.91,27197,45.9,0.1139,3e-04,0.134,0.1916,0.3081,0.1325,0.1839,0.0499,439000,338000,217000,0,0.001,0,0.0015,0,5e-04,0.0323,0.0229,0.0207,0,3e-04,0,0,0,0.0016,0.0139,0,0,0.067,0,0.003,0,0.041,3e-04,0,0,0.0109,0,0,2e-04,0.0269,0,0.1744,0,0,0,0.1333
"V1V",9175,73725.71,21938,43,0.1383,0,0.2685,0.1166,0.2604,0.1114,0.185,0.0581,638000,419000,295000,0,0.0223,0,0.0183,0,0.0138,0.0638,0.2289,0.1068,0,0,0,0,0,0.0064,0.0727,0.019,0,0.1131,0,0.0214,0,5e-04,0,0,0.0119,0,0,0.0023,0,0.0197,0,0.1265,0,0,5e-04,0.0954
"V1W",15039,68561.14,36352,47.5,0.1385,0,0.2681,0.1278,0.2414,0.1094,0.1958,0.0575,638000,419000,295000,0.0011,0.0658,0,0.0416,0,0.0896,0.02,0.191,0.1006,0,0,0,0,0,0.0074,0.0551,0.0016,0.0098,0.0574,0,0.0055,0,0.0261,0.0023,0,0,0.0506,0,0,8e-04,0.0059,0,0.1418,0.0023,0,2e-04,0.0086
"V1X",13981,51544.14,33859,40.7,0.1616,3e-04,0.1312,0.1936,0.3134,0.1269,0.1955,0.0394,638000,419000,295000,0,0.0028,0,5e-04,0,4e-04,0.0112,0.0122,0.0257,0,3e-04,0,0,9e-04,0.0024,0.0162,0.0021,0.0286,0.0587,0,0.0193,0,0.0035,0.0195,0,0.0064,0.0093,0,0.0011,0,0.0962,0,0.1611,0,0.0216,0.0052,0.1955
"V1Y",17333,45930.02,34208,41.3,0.1287,1e-04,0.2173,0.1514,0.2457,0.1304,0.2051,0.0501,638000,419000,295000,6e-04,0.0016,0,0.0041,0,0,0.0698,0.0286,0.0221,0,0.0056,0,0,0,0.0018,0.0052,0.0026,0.0159,0.0237,0,3e-04,0,0.0149,0.0033,0,0.0685,0.0035,0,0,0,0.0136,0,0.176,0,0,0,0.0356
"V1Z",5902,69310.15,15155,45,0.1324,5e-04,0.1694,0.1358,0.291,0.137,0.2101,0.0567,638000,419000,295000,0.0022,0.0049,0,0.0122,0,2e-04,0.0042,0.2503,0.0112,0,0,0,0,0,7e-04,0.1538,0,0,0.143,0,0.0585,0,0.0718,0.0049,0,0,0.023,0,8e-04,0,0.0169,0,0.0485,8e-04,0,2e-04,0.0298
"V2A",17538,47116.13,36693,52.1,0.1216,3e-04,0.1557,0.1865,0.2939,0.1218,0.1867,0.0554,482000,345000,291000,9e-04,0.0026,0,0.0103,0,2e-04,0.015,0.0837,0.0524,0,0.0011,0,1e-04,0,0.0029,0.0104,1e-04,0.0026,0.0384,0,0.0074,0,0.0513,0.0013,1e-04,0,0.031,0,0.0027,0.0042,0.0047,0,0.2283,0.0021,0,5e-04,0.0619
"V2B",16510,59253.51,38792,43.1,0.0917,4e-04,0.1334,0.1916,0.3216,0.1428,0.1504,0.0602,424000,329000,232000,0,7e-04,0,5e-04,0,5e-04,0.0153,0.0424,0.0054,0,1e-04,0,0,1e-04,0.0256,0.0306,0,0,0.1487,0,0.0317,0,0.0125,6e-04,0,0,7e-04,0,0,0.0036,0.0463,0,0.085,1e-04,0,0.0031,0.1164
"V2C",10700,61314.12,23182,42.8,0.0831,3e-04,0.2704,0.1314,0.2675,0.1043,0.1661,0.0604,424000,329000,232000,0,4e-04,0,0.0064,0,4e-04,0.0522,0.0529,0.047,0,0.0416,0,0.0019,0,9e-04,0.0664,9e-04,0,0.0721,0,0.038,0,0.0301,2e-04,0.0194,0.0059,0.0089,0,0.0191,0.0028,0.0026,0,0.1356,0.0012,1e-04,0.0101,0.0183
"V2E",5790,82106.35,15061,36.2,0.0895,0,0.2972,0.1027,0.255,0.1011,0.1583,0.0858,424000,329000,232000,0,0.0288,0,0.019,0,0.0617,0.0832,0.1306,0.0392,0,0,0,0,0,7e-04,0.0829,0.0195,0,0.0995,0,0.0128,0,0.0263,2e-04,0,0,0,0,0,2e-04,0.0345,0,0.1033,0,0,5e-04,0.1743
"V2G",8160,59895.46,18949,43.4,0.09,4e-04,0.145,0.2268,0.3061,0.1223,0.1431,0.0566,229000,185000,66100,4e-04,0.0012,0,0,0,4e-04,0.0116,0.0179,0.023,0,0,0,1e-04,0,2e-04,0.0591,0,0,0.0355,0,0.089,0.0029,0.0086,0,0,0,0.0157,0,0.023,0.01,0.0544,0,0.0278,0.0176,0.0075,0.027,0.0743
"V2H",2785,55848.41,6630,49.3,0.0492,0,0.1444,0.1397,0.3173,0.1644,0.1768,0.0574,424000,329000,232000,0,0,0,0,0,4e-04,0.009,0.1189,0.1479,0,0,0,0,0,0.0449,0.0851,0,0,0.0445,0,0.1031,0,0.0154,0,0,0,0.0478,0,0.0808,0.0176,0,0,0.0172,0.0187,0,0.0057,0.0352
"V2J",9908,65387.28,22373,46.1,0.0825,0.0011,0.1118,0.2484,0.2967,0.1399,0.1673,0.0357,214000,208000,83700,4e-04,0.0046,0,0.0021,0,4e-04,0.0032,0.0515,0.0065,0,0,0,0,0,0.0011,0.0657,0,0,0.021,0,0.073,0,0.0223,2e-04,0,0,0.0335,0,0.0166,0.0062,0.0274,0,0.0222,0.0442,0,0.0138,0.0264
"V2K",8282,80000,20807,41,0.078,6e-04,0.1767,0.178,0.279,0.1658,0.1671,0.0334,286000,186000,181000,5e-04,0.0264,0,4e-04,0,7e-04,0.0023,0.1073,0.0036,0,0,0,0,0,0.0105,0.181,0,0,0.1157,0,0.0623,0,0.0114,5e-04,0,0,0.0047,0,0.0152,0.0122,0.0571,0,0.0182,0.0262,0,0.0089,0.0308
"V2L",4350,46003.81,9231,40,0.098,0.0031,0.1189,0.2856,0.3346,0.1077,0.1317,0.0214,286000,186000,181000,0,0.0032,0,9e-04,0,0.0021,0.0536,0.0071,0.0028,0,7e-04,0,0,0,0.0021,0.0085,0,0,0.0356,0,0,0,0.0092,7e-04,2e-04,0.0101,0,0,0,2e-04,0.0257,0,0.0375,0,0,0,0.011
"V2M",9988,59906.97,22657,37.1,0.1113,0.001,0.2005,0.1806,0.306,0.1067,0.1646,0.0416,286000,186000,181000,0,0.0073,1e-04,0.0032,0,0.005,0.0477,0.0485,0.0045,0,0.0011,0,3e-04,0.0019,0.0037,0.0395,1e-04,0,0.0937,0,0.0108,0,0.0238,0.0054,0,3e-04,0,0,0,0,0.0887,0,0.0733,3e-04,0.0021,0,0.0244
"V2N",12671,81359.5,32717,39.6,0.119,7e-04,0.2047,0.1555,0.2892,0.131,0.1819,0.0376,286000,186000,181000,0,0.0124,0,0,0,0.0123,0.0178,0.0706,0.0027,0,7e-04,0,2e-04,0,0.0095,0.1472,0,0,0.133,0,0.0902,1e-04,0.0122,3e-04,0,8e-04,0.0137,0,0.0193,0.009,0.1076,0,0.0552,0.0132,0.0017,0.0254,0.0462
"V2P",16042,49263.36,36944,42.1,0.1477,4e-04,0.0976,0.2276,0.333,0.1328,0.1535,0.0555,588000,490000,212000,0,2e-04,0,0,0,0,0.002,0.0222,0.0074,0,0,0,0,1e-04,9e-04,0.0063,0,0,0.0337,0,0.012,0,0.0519,4e-04,0,0.0012,0.0057,0,0,0.0021,0.0184,0,0.1149,0.0288,0,0.0206,0.1141
"V2R",19596,65109.02,50893,42.1,0.1578,3e-04,0.1563,0.1686,0.3079,0.1251,0.174,0.0682,588000,490000,212000,0,0,0,4e-04,0,0.0019,0.0092,0.0666,0.0427,0,0,0,0,0.0057,0.0513,0.0269,0.0029,0,0.1096,0,0.1106,0,0.0534,0.0037,0,0.0045,0.0595,0,0.0041,0.0101,0.0176,0,0.1048,0.0416,0,0.0242,0.1101
"V2S",21262,51529.94,51616,40.2,0.1901,1e-04,0.1521,0.1992,0.2987,0.1307,0.1543,0.0651,708000,562000,241000,0,0.0029,0,0.0027,0,0.0045,0.0232,0.027,0.0372,0,6e-04,0,1e-04,0,5e-04,0.0167,0,0.0324,0.1806,0,0.0208,0.0207,0.0135,0.0075,0,0.0307,0,0,0,1e-04,0.0262,0,0.1212,0,0.0156,0.0024,0.0999
"V2T",18248,54052.59,56576,37.4,0.4101,1e-04,0.1566,0.2792,0.2924,0.0892,0.1136,0.0691,708000,562000,241000,1e-04,0.0018,0,4e-04,0,0.0041,0.0124,0.005,0.0493,0,0,0,0.0133,0.0023,0.0136,0.0012,0.0048,0.0255,0.0326,0,0.0034,0.3968,0.0078,0.017,0,0.0158,0,0,0,0,0.0083,0,0.0642,7e-04,0.0958,0,0.0496
"V2V",12601,64032.39,34429,40.3,0.1697,2e-04,0.1342,0.1893,0.3117,0.1378,0.1726,0.0544,627000,370000,243000,0,0,0,0,0,2e-04,0.0087,0.0261,0.0053,0,0,0,5e-04,0.0075,0.0099,0.0379,0,0,0.2563,0,0.0486,0,0.0122,0.0018,0,0.0033,0.0024,0,8e-04,0.011,0.0352,0,0.0579,0.01,0.0051,0.0424,0.1148
"V2W",6334,85410.68,19490,38.7,0.1954,1e-04,0.2082,0.133,0.2932,0.1147,0.1892,0.0617,769000,599000,296000,0,0.0106,0,0,0,0.0414,0.003,0.1464,0.0147,0,0,0,0,0.0493,0.1445,0.089,0,0,0.2201,0,0.1782,0,0.0171,0,0,0,0.0046,0,0,0.0245,0.0068,0,0.0248,0,0.0044,0.0041,0
"V2X",20263,66291.54,49762,42.7,0.1835,1e-04,0.1394,0.1639,0.3164,0.1331,0.1948,0.0524,769000,599000,296000,1e-04,0.0067,0,0.0065,0,0.01,0.0222,0.0301,0.0129,0,3e-04,0,0.0015,0.0039,0.0068,0.0287,0.0367,0.0178,0.2433,0,0.0402,0,0.0062,0.0117,0.0087,0.0267,0,0,0,0,0.0358,0,0.0788,0,0.0118,0,0.1183
"V2Y",13204,79125.2,37590,35.6,0.2671,3e-04,0.2697,0.1218,0.2905,0.0964,0.1548,0.0668,806000,522000,307000,0,0.003,0,2e-04,0,0.015,0.0111,0.0204,0.0255,0,0,0,0.0145,0.0966,0.2779,0.062,0.1189,0,0.1281,0,0.0772,0,0.0052,0.0094,0,0.0075,0,0,0,0.0048,0.0142,0,0.046,0.0017,0.0119,0.0014,0.0235
"V2Z",6425,82438.19,16909,49.8,0.169,0,0.1684,0.175,0.2869,0.1441,0.1655,0.06,806000,522000,307000,0,0.0218,0,0.0247,0,0,0.0181,0.1863,0.0316,0,0,0,0,0,0,0.0249,0.0181,0,0.1508,0,0.0101,0,0.0728,2e-04,0,0,0.0196,0,0.0023,0.0355,0.0019,0,0.0753,0.0386,0,0.0296,0.0076
"V3A",19052,62931,44065,42.5,0.1781,0,0.1511,0.1758,0.3183,0.1295,0.1719,0.0535,806000,522000,307000,2e-04,0.0206,0,0.0091,0,0.0032,0.03,0.0761,0.0218,0,0,0,0.0022,0,0.0015,0.0377,0.0107,0.0045,0.2021,0,0.0332,0,0.0163,0.0058,0,0.1138,3e-04,0,0,1e-04,0.0195,0,0.1236,0,0.0056,0,0.0384
"V3B",23486,65059.82,60108,40.3,0.4089,0,0.2845,0.1262,0.2814,0.0839,0.1588,0.0652,1250000,927000,493000,1e-04,0.0033,0,0.0029,0.013,0.0244,0.0318,0.0056,0.0113,0,0.001,0.0105,0.1232,0.0844,0.013,0.0122,0.0595,0.0361,0.0693,0.1064,0.0069,1e-04,0.0017,0.0189,0,0.1872,0,0,0,0,0.0103,0,0.0043,0,0.1079,0,0.006
"V3C",15339,71210.07,40475,41.3,0.3432,1e-04,0.2632,0.1253,0.268,0.0981,0.1761,0.0694,1250000,927000,493000,0.0015,0.0322,0,0.0072,0.0062,0.084,0.0917,0.007,0,0,0,0,0.1587,0.1078,0.0014,0.0138,0.0666,0,0.0504,1e-04,0.0067,0,1e-04,0.0185,0,0.2286,0,0,0,0,0.0029,0,0.0029,0,0.075,0,2e-04
"V3E",12931,84746.42,40439,39.5,0.5053,1e-04,0.3962,0.0891,0.2265,0.0674,0.1486,0.0722,1250000,927000,493000,0,0.0019,0,0.0011,0.1564,0.1302,0.0556,3e-04,6e-04,0,0,0.0595,0.2045,0.1664,0.0838,0.0036,0.0731,0,0.0205,0.0109,0.0014,0,0,0.0045,0,0.0138,0,0,1e-04,0,7e-04,0,0,0,0.0078,0,0.003
"V3G",8462,80457.69,25546,37.7,0.187,0,0.2155,0.1508,0.3217,0.0928,0.1576,0.0617,708000,562000,241000,0,0.0069,0,0,0,0.0982,0.0096,0.1789,0.0236,0,0,0,7e-04,0.0132,0.03,0.0529,0,0,0.281,0,0.0765,0.0014,0.0145,0.0015,0,0,0,0,0,0.0105,0.0196,0,0.0313,0.0593,0.0077,0.0358,0.0286
"V3H",15461,90798.24,40369,40.7,0.3451,1e-04,0.3881,0.0777,0.2246,0.0755,0.1577,0.0764,1290000,957000,567000,0,0.0658,0,0.0277,9e-04,0.1044,0.14,0.0135,0.0018,0,0.006,0,0.0699,0.0304,0.0218,0.0081,0.2199,0.0129,0.019,0,0.0023,0,0.0074,0.0098,0,0.1281,9e-04,0,0,0,0.0026,0,0.0028,0,0.07,0,0.0026
"V3J",17629,65026.34,44654,40.5,0.4045,0,0.32,0.1123,0.2583,0.0876,0.1569,0.0649,1250000,927000,493000,5e-04,0.0112,0,0.0122,0.0023,0.0123,0.1043,0.003,0,0,1e-04,0.0052,0.3621,0.0087,0,0.004,0.0174,0,0.0075,0.0883,3e-04,1e-04,5e-04,0.0122,0,0.1605,0,0,0,0,4e-04,0,3e-04,0,0.0323,0,0
"V3K",11960,69842.52,31030,40.9,0.4237,0,0.3,0.115,0.2673,0.09,0.1542,0.0735,1250000,927000,493000,5e-04,0.0084,0,0.0055,0.0126,0.0106,0.101,0.0015,0.007,0,0.0046,0.0022,0.3517,0.0141,0.0018,0.0033,0.0567,0,0.0139,0.0241,7e-04,9e-04,0.0011,0.0411,0,0.1115,0,0,0,0,0.0012,0,0.0018,0,0.0928,0,0.0013
"V3L",13325,61989.5,29002,41.6,0.3158,4e-04,0.3316,0.1133,0.2309,0.0808,0.1758,0.0676,1120000,1090000,493000,0.0054,0.0035,0,0.0046,5e-04,0.0035,0.1313,0,0.0411,0.0107,0.0682,5e-04,0.1194,0.0067,0,0.0034,0.0635,0.0122,0.0016,0,0,0.0107,0.0014,0.0031,0.0155,0.1997,0,0,0,0,0,0.026,0.0063,0,0.0222,0,0
"V3M",21389,56170.49,45421,40.4,0.4311,1e-04,0.3024,0.1154,0.2477,0.092,0.1741,0.0684,1120000,1090000,493000,4e-04,0.0026,0,0,1e-04,0.0033,0.034,0,0.0023,0,0.0145,0.0012,0.0788,0.0296,0.0096,9e-04,0.0597,0.06,0,0.0646,0,0.0484,4e-04,6e-04,0.0248,0.2059,0,0,0,0,3e-04,0.0154,4e-04,0,0.0363,0,2e-04
"V3N",15316,60656.79,41243,38.2,0.5597,0,0.36,0.1266,0.2186,0.0687,0.1517,0.0744,1610000,1220000,546000,0,0,0,0,0.0277,0.0063,0.0183,0,0,0.0033,8e-04,0.2242,0.1352,0.0623,1e-04,3e-04,0.0071,0,4e-04,0.2866,0,0.032,0,8e-04,0,0.0676,0,0,0,0,0,0,0,0,0.0607,0,0
"V3R",21109,53820.76,60532,39.1,0.4701,2e-04,0.215,0.2028,0.2861,0.0896,0.1329,0.0735,1020000,650000,333000,0,0,0,0,0.0102,0.0121,0.0036,0,0.0101,0,0.0025,9e-04,0.1055,0.0331,7e-04,0.0036,0.0339,0.0129,0.0034,0,0.001,0.1193,3e-04,0.0354,0.0051,0.141,0,0,0,0,0.0043,0,0.0075,0,0.2549,0,3e-04
"V3S",31776,80678.54,101576,37.4,0.393,0,0.2214,0.168,0.302,0.0895,0.1467,0.0724,1020000,650000,333000,0,0.0076,0,0.0043,0.0024,0.0837,0.0406,0.023,0.0106,0,1e-04,0,0.0278,0.0818,0.0954,0.0135,0.0413,0,0.1167,0,0.0178,0.2815,0.0029,0.0139,0,0.0059,0,0,0,0,0.0159,0,0.0183,0,0.0345,0,0.0214
"V3T",16830,47037.08,40857,36.7,0.4501,3e-04,0.2081,0.2159,0.2961,0.0881,0.1328,0.0591,1020000,650000,333000,0,0,0,0,0,0,0.0016,0,0,0.0038,0.0021,0,0.0039,0.0028,2e-04,0,0.0079,0,0,0,0,0.1427,0,0.0023,0.0232,0.2101,0,0,0,0,0,0.0316,0,0,0.2188,0,0
"V3V",15008,61260.17,52028,36.2,0.5449,2e-04,0.1444,0.2702,0.3272,0.0711,0.1188,0.0683,1020000,650000,333000,0,2e-04,0,0,0,4e-04,0.0035,0,0,0,0.0055,0,0.0284,0.0011,0,0.0034,0.0065,0,0.002,0,0,0.7199,7e-04,0.0127,0,0.0105,0,0,0,0,0.0043,0,0,0,0.1357,0,0
"V3W",27816,60548.48,93335,36.5,0.5545,2e-04,0.1949,0.2396,0.3202,0.066,0.1131,0.0663,1020000,650000,333000,0,0,0,0,0.0014,0.002,0.007,0,0.004,0,0,0,0.0226,0.0338,0,0.0029,0.0271,0.0171,1e-04,0,4e-04,0.6434,1e-04,0.0068,0,0.0551,0,0,0,0,0,0,0.0274,0,0.1145,0,0
"V3X",9360,79971.76,31731,36.9,0.4966,1e-04,0.2239,0.1788,0.332,0.0633,0.1336,0.0684,1020000,650000,333000,0,0.0102,0,0.006,0,0.071,0.0865,0.0021,0.0087,0,0,0,0.0489,0.0306,0.0813,0.0114,0.0457,0,0.0067,0,0.0016,0.5109,0,0.0069,0,0.0097,0,0,0,0,4e-04,0,0,0,0.028,0,4e-04
"V3Y",7697,72955.24,19669,41.7,0.2388,2e-04,0.1704,0.1444,0.2935,0.1379,0.2069,0.0469,822000,704000,367000,0,0.0103,0,9e-04,0,0.0561,0.0559,0.053,0.0221,0,0,0,0.0035,0.0073,0.0383,0.0687,0.07,0,0.2158,0,0.0448,0,0.0044,0.0068,0,0.0213,0.0013,0,0,0,0.0131,0,0.0773,0,0.0152,0.0018,0.0778
"V3Z",11264,86666.06,30555,40.9,0.3143,0,0.2915,0.1129,0.2677,0.0731,0.1775,0.0773,1020000,650000,333000,0,0.0644,0,0.0392,0,0.1214,0.0945,0.0451,0.0136,0,0,0,0.0178,0.0079,0.1467,0.011,0.2278,0,0.0379,0,0.0636,0.0203,0.0143,0.0221,0,0,6e-04,0,0,0,0.001,0,0.0122,3e-04,0.0044,0.002,0.0018
"V4A",15685,72097.58,37350,51.1,0.2488,0,0.3131,0.1227,0.2522,0.0834,0.1617,0.0668,1020000,650000,333000,6e-04,0.0381,0,0.0705,0.0039,0.0525,0.1551,0.131,0.1817,0,0,0,0.0173,4e-04,0,0.0136,0.0175,0.013,0.0516,0,0.0045,0,0.0369,0.0098,0,0.0164,0.0073,0,0,0,6e-04,0,0.0961,0,0.0104,0,0.0074
"V4B",10336,61749.35,20026,56.8,0.2503,2e-04,0.3154,0.0791,0.2605,0.0937,0.1871,0.0641,1300000,1020000,410000,0,0.022,1e-04,0.031,0,0.0061,0.0999,0.0484,0.1389,0,0.0033,0,0.0169,5e-04,0.0017,0.0127,0.0018,0.1958,0.0749,0,1e-04,0,0.0058,0.0036,0,0.0299,4e-04,0,0,0,0.0036,0,0.1845,0,0.0051,0,0.0138
"V4C",14757,80735.85,47140,39.4,0.4184,0,0.2052,0.1892,0.2902,0.0898,0.1626,0.0631,1000000,674000,475000,0,0.006,1e-04,0.004,0,0.0253,0.0734,0.0104,0,0,0.0026,0,0.1709,0.0226,0.0157,0.0199,0.0045,0.0142,0.0419,0,0.0036,0.4126,0.0023,0.0453,0,0.0209,0,0,0,0,0.0051,0,0.0074,0,0.0711,0,0
"V4E",3831,100545.62,11836,43.7,0.3909,0,0.364,0.1071,0.2466,0.0623,0.1467,0.0733,1000000,674000,475000,3e-04,0.0256,0,0.0131,0.0363,0.2441,0.3863,0.0047,0,0,0,0.0076,0.1232,0.0376,0,0.0047,5e-04,0,0.0057,0,3e-04,0.0733,0.0013,0.0084,0,0,0,0,0,0,0.0013,0,0.0016,0,0.0243,0,0
"V4G",85,70690.08,191,67.1,0.3874,0,0.4365,0.1326,0.2541,0.0939,0.0718,0.0111,1000000,674000,475000,0,0.3176,0,0,0,0.0471,0,0,0.4353,0,0,0,0,0,0,0,0,0,0,0,0,0,0,0.1176,0,0,0,0,0,0.0824,0,0,0,0,0,0,0
"V4K",9816,80112.59,25130,46.6,0.2404,0,0.2535,0.1267,0.3055,0.0941,0.1736,0.0466,1000000,674000,475000,0,0.0184,0,0.0435,0,0.0276,0.154,0.0972,0.1483,0,0,0,0.0262,6e-04,6e-04,0.0258,0.0236,0,0.1762,0,0.0183,0.0031,0.0108,0.001,0,0,0.0024,0,0,0.0038,0.006,0,0.1063,0.0044,0.0174,0,0.0391
"V4L",3483,81617.03,7834,52.6,0.227,0,0.2939,0.0887,0.2696,0.0738,0.2116,0.0624,1000000,674000,475000,0,0.037,0,0.1459,0,0.0075,0.0792,0.2728,0.17,0,0,0,0,0,0,0,0.0078,0.052,0.0115,0,0.002,0,0.0189,0.0017,0,0.0436,0.0063,0,0,0,0,0,0.0976,0.0063,0,0,0.0014
"V4M",6024,88663.51,15305,50.2,0.224,5e-04,0.3182,0.0952,0.2734,0.0797,0.1634,0.0701,1000000,674000,475000,0.001,0.1034,2e-04,0.1708,0,0.0166,0.2068,0.1287,0.1223,0,0,0,0.0033,2e-04,0,0.0143,2e-04,0.009,0.0251,0,0.0056,0,0.0443,0.0066,0,0.0056,8e-04,0,0.0013,0.0015,0,0,0.0686,0.0017,0,3e-04,0.0088
"V4N",27566,77498.74,84880,37.8,0.4296,0,0.2661,0.1423,0.2806,0.0759,0.1447,0.0904,1020000,650000,333000,1e-04,0.0021,0,0,0.072,0.0599,0.0221,0.005,2e-04,0,0,0.0019,0.1408,0.1497,0.0723,0.0095,0.1856,0,0.0242,0,0,0.1355,0.0013,0.0129,0,0.0055,0,0,0,1e-04,0.0082,0,0.0028,0,0.0597,0,0.0108
"V4P",5259,86102.47,13190,47.9,0.2917,0,0.3538,0.1067,0.232,0.0614,0.1756,0.0705,1020000,650000,333000,0.0017,0.0797,0,0.0844,0,0.089,0.2383,0.0167,0.1017,0,0,0,0.0095,0.0169,0.0078,0,0.1784,0.0272,0.0093,0,0.0095,0,4e-04,0,0,0.0074,0,0,0,0,0,0,0.0578,0,0,0,0
"V4R",5610,84867.86,16892,38.6,0.1835,0,0.1817,0.1226,0.3068,0.1253,0.1937,0.07,769000,599000,296000,0,0.0198,0,0.01,0,0.0576,0.0248,0.0791,0.0066,0,0,0,0.0029,0.0269,0.075,0.125,0.0152,0,0.2645,0,0.1057,0,0.0262,0.0176,0,0,0,0,0,0.0119,0.003,0,0.0223,5e-04,0.0029,0.0075,0.0574
"V4S",2573,71754.03,7493,42.7,0.201,0,0.1271,0.1837,0.2971,0.1687,0.1706,0.0528,627000,370000,243000,0,0,0,0,0,0.0089,4e-04,0.0696,0.012,0,0,0,0,0.0105,0.0179,0.0144,0,0,0.164,0,0.131,0,0,0,0,0,0.0113,0,0.0062,0.1372,0.0552,0,0.0194,0.047,0.0303,0.1088,0.0089
"V4T",11828,63928.63,28253,48.1,0.1227,3e-04,0.1487,0.1465,0.2926,0.1372,0.2205,0.0545,561000,541000,494000,0,0.0146,0,0.0148,0,0.0026,0.007,0.0849,0.0927,0,0,0,0,0,0.0057,0.094,0,0,0.125,0,0.0462,0,0.047,0,0,0,0.0143,0,0.0014,0.0051,0.0224,0,0.0797,3e-04,0,0.0032,0.0865
"V4V",6378,59496.48,15368,45.9,0.1206,1e-04,0.1478,0.1873,0.2695,0.1728,0.18,0.0427,638000,419000,295000,9e-04,0.0034,0,0,0,0,0.0105,0.1007,0.0467,0,0,0,0,0,0.0071,0.0499,5e-04,0,0.0594,0,0.145,0,0.0323,0,0,0,0.0437,0,0.0423,0.0204,0.0461,0,0.0207,0.0293,0,0.0372,0.0367
"V4W",7246,70533.06,19906,40.5,0.1808,2e-04,0.1133,0.1815,0.3142,0.1432,0.1864,0.0614,708000,562000,241000,4e-04,0.0046,0,0,0,0,0.0017,0.0575,0.0327,0,0,0,0,0,0,0.0309,0,0,0.3185,0,0.0197,0.0046,0.0036,0,0,0,0.0127,0,0.0012,0.0273,0.0308,0,0.0478,0.0313,0.029,0.0214,0.1699
"V4X",3927,73539.82,13019,37.1,0.2453,2e-04,0.1463,0.2284,0.3185,0.1051,0.1246,0.0772,708000,562000,241000,0,0.0015,0,0,0,0,0.0061,0.1192,0.0112,0,0,0,0.0084,0.0023,0,0.0308,0,0,0.3226,0,0.0983,0.0611,0.0041,0.0036,0,0,0.0038,0,0.002,0.0321,0.0122,0,0.0211,0.096,0.0206,0.083,0.015
"V4Z",1774,64414.9,5219,40.7,0.1843,0,0.1589,0.1625,0.2835,0.1078,0.2084,0.079,588000,490000,212000,0,0,0,0,0,0,0,0.0699,0.0225,0,0,0,0,0,0.0389,0.1054,0,0,0.0349,0,0.0524,0,0.0395,0,0,0,0.1218,0,0.0259,0.0231,0,0,0.0192,0.1725,0,0.1195,0.0079
"V5A",9656,66090.84,24859,39.4,0.4635,1e-04,0.3777,0.086,0.2418,0.0581,0.1556,0.0808,1610000,1220000,546000,5e-04,0.0094,0,8e-04,0.1556,0.0215,0.0107,7e-04,0.0096,0,0,0.121,0.2154,0.0173,0,0.0021,0.0415,0,0,0.1852,0,1e-04,1e-04,0.0013,0.0286,0.0236,0,0,0,0,0,0.0141,1e-04,0,0.083,0,0
"V5B",9051,62134.25,23952,40.4,0.5062,1e-04,0.3259,0.1226,0.2477,0.07,0.1537,0.0801,1610000,1220000,546000,0.0019,0.0048,0,0.0033,0.1394,0.0093,0.0146,0,0,0,0,0.2223,0.2744,0.0066,0,0,0.0017,0,0.0028,0.1277,0,0,0,0.0022,0,0.0917,0,0,0,0,0,0,0,0,7e-04,0,0
"V5C",13580,61585.55,32015,39.6,0.4879,1e-04,0.3376,0.1318,0.2405,0.0759,0.1362,0.0779,1610000,1220000,546000,0.0027,3e-04,0,0.0023,0.0407,0.0068,0.0235,0,0,0,0.0109,0.2834,0.1404,0.014,0,0,0.0017,1e-04,0.0012,0.2055,0,0,0,0.0041,0,0.2071,0,0,0,0,0,0,0,0,0,0,0
"V5E",11440,54950.51,28069,40.6,0.5732,1e-04,0.3646,0.1202,0.222,0.0741,0.143,0.0761,1610000,1220000,546000,0.0032,0.002,3e-04,4e-04,0.1547,0.0053,0.0017,0,0,0,5e-04,0.1751,0.0957,0.0268,6e-04,0,0.0012,0,0,0.2824,0,0.0017,0,6e-04,0,0.0094,0,0,0,0,0,0,0,0,0.0095,0,0
"V5G",7693,68195.84,21392,42.4,0.5133,2e-04,0.3292,0.1387,0.2479,0.0694,0.1484,0.0664,1610000,1220000,546000,0.0012,0.0033,0,0.0101,0.1872,0.006,0.0338,0,0.0077,0,0.0305,0.3407,0.1241,0.0487,4e-04,0,0.016,0.0061,0,0,0,0.0026,0,0.0162,0,0.0166,0,0,0,0,0,0,0.0064,0,0.009,0,0
"V5H",19641,43541.9,42248,38.6,0.6225,2e-04,0.4263,0.1066,0.2022,0.0585,0.1277,0.0787,1610000,1220000,546000,0,0,0,0,0.05,3e-04,1e-04,0,0,0,0,0.1693,0.0036,0.0058,0,0,0,0.0027,0,0.5113,0,0,0,1e-04,0,0.0234,0,0,0,0,0,0.0019,0,0,2e-04,0,0
"V5J",7771,66118.52,21994,39.4,0.5455,0,0.3474,0.1368,0.2241,0.0647,0.1268,0.1002,1610000,1220000,546000,0.0021,4e-04,1e-04,4e-04,0.1664,0.0109,0.0221,0.001,0,0,0,0.4293,0.1099,0.0059,1e-04,0,0,0,3e-04,0.1574,0,0.0044,4e-04,0.005,0,0.0126,0,0,0,0,0,0,1e-04,0,0.001,0,0
"V5K",9219,59142.78,24638,41.4,0.5477,2e-04,0.2596,0.2276,0.2635,0.0736,0.1221,0.0535,2180000,1310000,720000,0.0017,1e-04,0,2e-04,0.0059,0.0012,0.0163,0,0,0.0011,0.0331,0.7901,0.068,0,0,8e-04,0.0011,0,0,0,0,0,0.0013,0.0031,0,0.0139,0,0,0,0,0,0,0,0,0.0177,0,0
"V5L",11003,39438.52,20848,37.9,0.3371,0.0014,0.3541,0.1611,0.2162,0.0773,0.1449,0.0464,2180000,1310000,720000,5e-04,0,0,1e-04,1e-04,0,0,0,0,0.1895,0.0697,0.1227,0,0,0,1e-04,3e-04,0,0,0,0,0,0,0,0,0.0597,0,5e-04,0,0,0,0.1387,0,0,0,0,0
"V5M",8487,53332.05,23103,41.8,0.6351,2e-04,0.2342,0.2452,0.2393,0.0812,0.1291,0.0711,2180000,1310000,720000,0,0,2e-04,0,0.0012,1e-04,0,0,0,0.0034,0.0033,0.9247,0,0.0077,0,0,0,0,0,0,0,0.0025,0,0,0,0.0068,0,0,0,0,0,0.0033,0,0,0.0027,0,0
"V5N",14307,48092.23,34424,37.9,0.496,4e-04,0.3321,0.2095,0.2131,0.0719,0.1249,0.0486,2180000,1310000,720000,1e-04,0,0.0056,0,1e-04,3e-04,0,0,0,0.2428,0.0696,0.4414,0,7e-04,0,0,0,0,0,0.0335,0,0,0,1e-04,0,0,0,0.002,0,0,0,0.0294,0,0,0,0,0
"V5P",11069,56158.03,33234,42.1,0.6799,0,0.249,0.2425,0.2635,0.0549,0.13,0.0601,2180000,1310000,720000,0,0,0,0,0.0064,4e-04,0,0,0,2e-04,7e-04,0.9014,0.0105,0.0023,0,0,0.0138,0,0,0,0,0.0082,0,0,0,0.0137,0,0,0,0,0,0,0,0,0.0117,0,0
"V5R",18269,50349.79,49504,38.8,0.6509,2e-04,0.2632,0.2065,0.268,0.0639,0.1351,0.0634,2180000,1310000,720000,0,0,1e-04,0,0,0,0,0,0,0,0.0035,0.7764,0,0.006,0,0,0,0,0,0.1636,0,0,0,0,0,0,0,0.0284,0,0,1e-04,0,0,0,0,0,0
"V5S",11263,62265.79,30424,43.4,0.5933,1e-04,0.3174,0.1572,0.2596,0.0582,0.1383,0.0694,2180000,1310000,720000,0,0,0,0,0.0299,0.0026,0.0052,0,0,0,0.0166,0.6092,0.0664,0.0297,0,0,0.0248,0,0,0.015,0,0,0,0,0,0.0659,0,0,0,0,0,0,0.0028,0,0.0706,0,0
"V5T",13569,41087.96,24331,36,0.356,6e-04,0.4378,0.092,0.1834,0.0671,0.1674,0.0522,2180000,1310000,720000,0,0,0.0036,0,0,0,0,0,0,0.3915,0.019,0.0036,0,0,0,0,0,0,0,0,0,0,0,1e-04,0,0,0,2e-04,0,0,0,0.4366,0,0,0,0,0
"V5V",10188,57766.52,26695,37.6,0.492,0,0.3621,0.1591,0.2259,0.062,0.1264,0.0644,2180000,1310000,720000,0.0012,0,0.0142,0,0.0046,2e-04,0.001,0,0,0.241,0.225,0.4749,0.0076,9e-04,2e-04,1e-04,0.0027,0,0,0.0033,1e-04,0,0,4e-04,0,0.0082,0,0,0,0,1e-04,0,0,0,0,0,0
"V5W",7466,60446.4,20422,40.5,0.56,1e-04,0.3495,0.1696,0.2157,0.0781,0.1175,0.0696,2180000,1310000,720000,0,0,0.0055,1e-04,0.0209,0.0015,0.0031,0,0,0.0714,0.0666,0.7154,0.0083,1e-04,0,0,0,0.0115,0,0,0,1e-04,0,1e-04,0,0.0379,0,0,0,0,0,1e-04,0,0,1e-04,0,0
"V5X",10276,55557.54,31120,38.3,0.6424,3e-04,0.2826,0.213,0.2682,0.0524,0.1205,0.0634,2180000,1310000,720000,0,0,1e-04,0,0.0258,1e-04,0,0,0,0,1e-04,0.6426,0.0023,0.0033,1e-04,0,0,0,0,0.0414,0,0.2414,0,0,0,0,0,0,0,0,0,0,0,0,0,0,0
"V5Y",9145,59657.25,19630,36.7,0.4028,0,0.5793,0.0662,0.1462,0.0378,0.113,0.0576,2180000,1310000,720000,0.0012,3e-04,0.0455,0,0.1195,5e-04,3e-04,0,0,0.5523,0.0942,0.0915,0,0,0,0,0,0,0,0,0,0,2e-04,1e-04,0,0,0,0,0,0,0,0.0943,0,0,0,0,0
"V5Z",11660,62263.67,23758,40.6,0.422,2e-04,0.5482,0.0621,0.1646,0.0329,0.1195,0.0728,2180000,1310000,720000,9e-04,0,0.0969,1e-04,0.0864,0,4e-04,0,0,0.5473,0.0563,0.0413,8e-04,0,0,0,1e-04,0,0,0.1328,0,0,0,1e-04,0.0043,0,0,0,0,0,0,0.0166,0,0,0,0,0
"V6A",9927,22939.9,16659,46,0.445,0.0013,0.3002,0.2664,0.2345,0.044,0.1199,0.0349,2180000,1310000,720000,2e-04,0,9e-04,0,0,0,0,0,0,0.2741,0.0115,0.0597,0,0,0,0,0,0,0,0.0155,0,0,0,0,0.0088,0.0111,0,0.0376,0,0,4e-04,0.0873,0,0,0,0,0
"V6B",19945,42227.95,31995,35.4,0.3687,7e-04,0.5797,0.0439,0.1499,0.0399,0.1206,0.066,2180000,1310000,720000,0,0,3e-04,0,0,0,0,0,0,0.8004,2e-04,0,0,0,0,0,0,0,0,0,0,0,0,0,0,0,0,0.1769,0,0,0,0.0135,0,0,0,0,0
"V6C",1302,64488.82,2809,37.4,0.4831,0.0011,0.4951,0.0239,0.2146,0.0341,0.1161,0.1161,2180000,1310000,720000,0,0,0.0031,0,8e-04,0,0,0,0,0.8218,0,0.0084,0,0.0069,0,0,0,0,0,0.1521,0,0,0,0,0,0,0,0,0,0,0.0069,0,0,0,0,0,0
"V6E",18684,43734.23,29443,36.8,0.3491,1e-04,0.4926,0.049,0.1926,0.0537,0.1366,0.0755,2180000,1310000,720000,0,0,2e-04,0,0,0,0,0,0,0.3259,1e-04,0,0,1e-04,0,0,0,0,0,0.0045,0,0,0,0,0,0,0,0.6511,0,0,0,0.0169,0,0,0,0,0
"V6G",18107,44363.82,27672,41.1,0.325,3e-04,0.5074,0.0451,0.1766,0.064,0.1507,0.0562,2180000,1310000,720000,0,0,3e-04,0,1e-04,0,0,0,0,0.1914,4e-04,0,0,8e-04,0,0,0,0.0123,0,0,0,0,0,0,0.09,0.0173,0,0.4977,0,0,0,0.1681,0,0,0,0,0
"V6H",10549,56417.62,18256,38.7,0.317,0,0.581,0.0335,0.1471,0.0425,0.1381,0.0578,2180000,1310000,720000,0.018,0.0015,0.1711,0,0.0596,2e-04,0,0,0,0.1553,0.0287,0.0018,0,0,0,0,0,0.0113,0,0,0,0,1e-04,0,0.0148,0,0,7e-04,0,0,0,0.5339,0,0,0,0,0
"V6J",13253,58450.3,23503,39.3,0.3174,0,0.5894,0.047,0.1461,0.033,0.1189,0.0655,2180000,1310000,720000,0.047,0.0017,0.0603,5e-04,0.0146,2e-04,0.0014,0,0,0.363,0.0422,0.0051,0,1e-04,0,0,0,0.0098,0,0.0522,0,0,0,3e-04,8e-04,0,0,0.0182,0,0,0,0.3764,0,0,0,0,0
"V6K",14493,59174.83,27161,37.6,0.2696,0,0.6012,0.0382,0.1372,0.0407,0.1329,0.0498,2180000,1310000,720000,0.0056,3e-04,0.0322,0,0.01,2e-04,0.0037,0,0,0.2622,0.2617,0.0063,0.0032,0,0,1e-04,0,0,0,0,0,0,0,3e-04,0,0,0,7e-04,0,0,0,0.4034,0,0,0,0,0
"V6L",4165,75195.94,11289,44.5,0.5105,0,0.5302,0.0905,0.1788,0.0324,0.1043,0.0638,2180000,1310000,720000,0.0564,0.0084,2e-04,5e-04,0.654,0.0319,0.0098,0,0,0.0144,0.0094,0.1208,0.0024,0.0026,0,0,0.0065,0.0588,0,0.023,0,0,0,5e-04,0,0,0,0,0,0,0,0,2e-04,0,0,0,0
"V6M",6723,67492.73,15270,47.1,0.5313,0,0.53,0.0806,0.1947,0.0295,0.1077,0.0575,2180000,1310000,720000,0.1197,0.0083,7e-04,0,0.2917,0.0019,0.001,0,9e-04,0.0617,0.0126,0.0494,0.0025,0,0,0,0,0.0199,1e-04,0.3284,0,0,1e-04,0,0.0247,0.062,0,0,0,0,0,0.0092,0,0,0,0,0
"V6N",4994,92177.35,14587,44.6,0.3842,2e-04,0.5716,0.0903,0.1593,0.0314,0.0868,0.0605,2180000,1310000,720000,0.167,0.0408,0,0.0533,0.524,0.0417,0.0629,2e-04,0.0062,0,2e-04,2e-04,0.0276,0.0164,0,0.002,2e-04,0,0,0,0,0,2e-04,0.0028,0,0,0,0,0,0,0.0038,0,0,0,0,0,0.0014
"V6P",13714,51306.12,32786,42.1,0.5895,0,0.439,0.0935,0.2214,0.0502,0.1205,0.0755,2180000,1310000,720000,0.0183,0.0076,5e-04,0.0059,0.2034,0.0077,0.002,1e-04,0,0,0.016,0.302,0.0015,0.0015,1e-04,0,0,0,0,0.0596,0,0,0,1e-04,0,0.0342,0,0,0,0,0,0.0222,0,0,0,0,0
"V6R",8719,77611.54,20235,40.5,0.3185,2e-04,0.6076,0.0536,0.1514,0.0304,0.096,0.061,2180000,1310000,720000,0.0686,0.0118,0.0124,0.0252,0.1572,0.0046,0.0632,0,0,0.1676,0.223,0.0011,0.0983,0,0,0,2e-04,0,0,0.0171,0,0,0,6e-04,0.0128,0.0048,0,0,0,0,0,0.0642,0,0,0,0,0
"V6S",5274,69177.66,13616,38.7,0.4203,0,0.6411,0.0678,0.1428,0.0212,0.0777,0.0494,2180000,1310000,720000,0.0861,0.0057,4e-04,0.0028,0.3714,0.0286,0.0647,0.0011,0,0,0.0131,0.0152,0.0942,0,0,0,0,0,0,0.248,0,0,0.0042,4e-04,0,0.0021,0.003,0,0,0,0,0.0298,4e-04,0,0,0,4e-04
"V6T",4942,30930.93,11995,28.8,0.4574,0,0.7049,0.0468,0.1545,0.0215,0.0362,0.036,2180000,1310000,720000,0.0411,0.0055,0,0.0121,0.0927,0.0063,0.0026,0.0022,0,6e-04,0,0.0393,0.0047,0.0077,0,0,0,0,0.0036,0.5182,0,0,0.0117,0,0,0.0016,0.0024,0,0,0,0.0014,0.1673,0.0018,0,0.0038,0,6e-04
"V6V",3641,67902.36,11695,40.6,0.595,0,0.3137,0.1435,0.2728,0.057,0.1355,0.0775,1540000,1080000,511000,0.0016,0,0,0,0.142,0.0082,0.0162,0.0022,0,0,0,0.2593,0.1445,0.2672,0,3e-04,0,0,0.0016,0,0.0014,0.0137,0,0.0047,0,0,0,0,0,0,0.0016,0,0.0019,0,0.111,0.0025,0
"V6W",1005,65997.36,2488,42.5,0.4908,0,0.2658,0.1634,0.2829,0.0757,0.144,0.0683,1540000,1080000,511000,0,0,0,0,0.006,0.001,0.1005,0,0.002,0,0,0.0388,0.5264,0.0746,0,0.0179,0.0527,0,0,0,0,0.0358,0.001,0.001,0,0.1224,0,0,0,0,0,0,0,0,0.0109,0,0
"V6X",13756,48039.78,34778,39,0.6858,0,0.3417,0.1363,0.2667,0.0465,0.114,0.0948,1540000,1080000,511000,0,0,0,0,0.0209,0,0,0,0,0,0.0039,0.4078,0.0445,0.0212,0,0,0,0,0,0.4383,0,0.0457,0,0,0,0.0055,0,0,0,0,0,0,0,0,0.0051,0,0
"V6Y",21526,47396.38,51755,43.2,0.6924,0,0.4093,0.1181,0.2363,0.0437,0.108,0.0847,1540000,1080000,511000,0,0,0,0,0.0417,4e-04,0,0,0,0,0,0.5366,0.0039,0,0,0,3e-04,0,0,0.4021,0,0.0039,0,0,0,0.0066,0,0,0,0,0,0,0,0,4e-04,0,0
"V6Z",9740,54650.97,16721,39.4,0.4324,4e-04,0.5879,0.0282,0.1574,0.0319,0.1263,0.0682,2180000,1310000,720000,0,0,0.0069,0,0,0,0,0,0,0.7501,0.0018,0,0,0,0,0,0,0,0,0.0014,0,0,0,0,0,0,0,0.2391,0,0,0,6e-04,0,0,0,0,0
"V7A",9703,67389.02,28653,42.6,0.5538,1e-04,0.3287,0.133,0.2613,0.0629,0.1374,0.0767,1540000,1080000,511000,7e-04,0.0011,0,1e-04,0.0955,0.0079,0.0041,0,0,0,0,0.3657,0.3857,0.0041,7e-04,0.0018,0.0337,0,3e-04,0.0215,1e-04,0.0301,0,0.002,0,0.0142,0,0,0,0,0,0,6e-04,0,0.0295,0,0
"V7B",299,95144.8,812,41.1,0.1712,0,0.3178,0.1099,0.1777,0.1627,0.1581,0.0738,1540000,1080000,511000,0.0033,0.0167,0,0.0067,0,0,0.5953,0.0301,0,0,0.0502,0.107,0.0234,0.01,0,0,0,0,0,0,0,0,0.0067,0.1003,0,0,0,0,0,0,0,0,0,0,0,0,0
"V7C",13973,60350.38,38930,43.5,0.5998,0,0.4101,0.1202,0.2334,0.0437,0.1114,0.0812,1540000,1080000,511000,1e-04,6e-04,0,7e-04,0.1695,0.0094,0.0283,0,0,0,0,0.5442,0.093,0.0019,0,0.0013,0.007,0,6e-04,0.0559,0,1e-04,0,1e-04,0,0.0168,0,0,0,0,0,0,0.0181,0,0.0043,0,0
"V7E",14637,77319.38,39872,45.6,0.4603,0,0.3968,0.095,0.2396,0.0509,0.1405,0.0772,1540000,1080000,511000,0.001,0.0053,1e-04,0.0197,0.1418,0.0481,0.1365,0.0039,0.0677,0,1e-04,0.169,0.2076,0.0197,0,0.0035,0.0909,0,8e-04,0.0051,0,0,1e-04,8e-04,0,0.0413,0,0,0,0,0,0,7e-04,0,0.0224,0,0
"V7G",4335,100061.87,11698,45.2,0.2557,0,0.4451,0.0843,0.1855,0.0519,0.1577,0.0756,2180000,1310000,720000,2e-04,0.0489,0,0.2122,0,0.0512,0.3841,0.0475,0.027,0,0,0,0.012,0.0226,0,0.024,0.0411,0,0.0263,0,0,0,2e-04,9e-04,0,0.0457,0,0,0,0,0,0,0.0374,0,0.0081,0,0.0058
"V7H",5128,88314.79,13963,43.7,0.303,4e-04,0.4184,0.0823,0.2242,0.0627,0.1487,0.0636,2180000,1310000,720000,0,0.0351,0,0.1328,0,0.0355,0.3389,0.0096,0.0899,0,0,0,0.0601,0.0162,0.0088,0.0025,0.0302,0.0293,0.006,0,0,0,4e-04,0.0025,0.0037,0.095,0,0,0,0,0.0014,0,0.0113,0,0.0612,0,0
"V7J",6444,74852.64,16797,41.9,0.3411,0,0.3711,0.1042,0.2152,0.0685,0.1659,0.0751,2180000,1310000,720000,0,0.0078,0,0.0265,2e-04,0.0113,0.2537,0.013,0.0127,0,0.0141,0,0.1546,0.0107,0,0.0039,0.1525,0.0326,0.0255,0,0,0,0.0011,0.0026,0,0.1097,0,0,0,0,0,0,0.0138,0,0.0452,0,0
"V7K",4524,93627.11,13380,42.1,0.3148,1e-04,0.4095,0.0848,0.2142,0.0731,0.1589,0.0594,2180000,1310000,720000,7e-04,0.0513,0,0.0778,0,0.0699,0.3296,0.0245,0,0,0.0347,0,0.3163,0.0029,0,0.0064,0.0347,0,0.0201,0,2e-04,0,0,0.0051,0,0,0,0,0,0,0,0,4e-04,0,0.0095,0,0
"V7L",13003,56461.26,28083,42.1,0.3366,1e-04,0.3488,0.0894,0.2204,0.0843,0.1725,0.0847,2180000,1310000,720000,4e-04,0.0042,0,0.0055,0,0.0022,0.085,0.0031,0.0115,0,0.1577,0,0.1117,0.0058,0.0012,0.0031,0.0176,0.0226,0.0028,0,9e-04,0,0.0027,0.0104,0.056,0.2513,0,0,0,0,0,0.0455,0.0042,0,0.0208,0,0
"V7M",10703,51697.02,21273,41.4,0.3857,1e-04,0.38,0.0897,0.2065,0.0805,0.17,0.0732,2180000,1310000,720000,0.0018,0.0026,0,0,0,0.0033,0.0288,0,0.0187,0,0.1134,0,0.0446,0.0056,1e-04,0.0032,0.0377,0.0227,1e-04,1e-04,0,1e-04,0,0.0035,0.0423,0.4468,0,0,0,0,0,0.0475,0.0045,0,0.0143,0,0
"V7N",5621,93552.74,15345,45.2,0.3409,1e-04,0.4401,0.0909,0.2191,0.0593,0.1154,0.0752,2180000,1310000,720000,0.016,0.0466,0,0.2062,0.0014,0.0254,0.28,0.0021,0.0096,0,0.0527,0,0.1446,0.0028,5e-04,0.0023,0.0365,0.0235,0.0135,0,2e-04,0,0.0018,0.0036,0,0.045,0,0,0,0,0,0,0.0034,0,0.0418,0,0
"V7P",6076,57596.41,14367,42.5,0.4338,1e-04,0.3798,0.0897,0.2179,0.0831,0.1497,0.0799,2180000,1310000,720000,0.0018,0.0356,0,0.0156,0,0.0051,0.1939,0.0069,0,0,0.0301,0,0.1037,0.0053,3e-04,0.0077,0.0825,0.0848,0.0132,0,0,0,0.0092,0.0105,0,0.2,0,0,0,0,0,0,0.0031,0,0.0359,0,0
"V7R",5198,110907.41,15500,44.9,0.3383,1e-04,0.5014,0.0744,0.1829,0.0334,0.1326,0.0752,2180000,1310000,720000,0.0381,0.1239,0,0.2697,0.001,0.0383,0.4265,0.0196,0.0148,0,6e-04,0,0.0427,6e-04,0,0.0027,0.006,0,0.01,0,0,0,8e-04,0.0013,0,0,0,0,0,0,0,0,0.0013,0,0.0021,0,0
"V7S",3976,86935.79,11266,46.6,0.5041,0,0.5551,0.0541,0.2076,0.0247,0.0798,0.0787,2180000,1310000,720000,0.0493,0.132,0,0.2218,0.2555,0.0785,0.1693,0.0179,0,0,0,0,0.037,0,0.002,0.0045,0,0,0.0025,0,0,0,0.0153,0.0033,0,0,0.0013,0,0,0,8e-04,0,0.0018,0,0,0,0
"V7T",3853,52336.15,8850,51.8,0.4035,5e-04,0.5013,0.079,0.179,0.0526,0.1258,0.0624,2180000,1310000,720000,0.034,0.0522,3e-04,0.0862,0.0184,0.0348,0.2943,5e-04,0.0029,0,0,0,0.0514,0.001,0,0.0026,0,0.1575,0.0083,0,0,0,0.0036,0.0047,0.1884,0.0021,0.0013,0,0,0,0,0,0,0,0,0,5e-04
"V7V",6821,56480.15,15264,52.9,0.3512,0,0.5379,0.0637,0.1828,0.0381,0.107,0.0705,2180000,1310000,720000,0.1004,0.1004,0,0.1834,0.0117,0.0091,0.0991,0.0072,0.0179,0,0,0,0.0076,7e-04,0,9e-04,0,0.341,0.0015,0,1e-04,0,0.0044,0,0.0812,4e-04,0,0,0,0,0,0,0.0018,0,0,0,1e-04
"V7W",3379,127238.01,8943,50.5,0.2869,0,0.5384,0.0637,0.1806,0.0366,0.1225,0.0582,2180000,1310000,720000,0.119,0.3486,0,0.2971,0,0.0145,0.0787,0.0562,0.026,0,0,0,0.003,3e-04,0,0.0053,0.0047,0,0.0024,0,0.0027,0,0.0118,0,0,0,0.0044,0,0,0,0.0092,0,0.013,0,0,0,3e-04
"V8A",8186,49251.42,17207,53.5,0.1192,3e-04,0.148,0.189,0.2885,0.1537,0.1751,0.0458,307000,251000,206000,0,1e-04,0,5e-04,0,0,5e-04,0.0514,0.0352,0,0,0,0,0,0,0.0082,0,0,0.0115,0,0.0136,0,0.1098,0,0,0,0.1496,0,0.023,0.0162,2e-04,0,0.1205,0.0158,0,0.0243,0.0034
"V8B",4973,70672.88,12529,38.2,0.2039,4e-04,0.2141,0.1574,0.2878,0.1329,0.1583,0.0495,944000,727000,408000,0,0,0,0,0,0.0153,0.03,0.0298,0,0,0,0,0,0,0.0432,0.0042,0.0078,0,0.18,0,0.0384,0,0.0989,0,0,0.1011,0.0111,0,0,0,0.0078,0,0.0356,0,0,8e-04,0.2262
"V8C",3454,89101.01,7960,42.4,0.1201,0,0.1723,0.2066,0.2929,0.1406,0.1541,0.0335,226000,115000,181000,6e-04,0.0093,0,0.0168,0,0.0046,0.0043,0.1271,0.0093,0,0,0,0,0,0,0.0394,0,0,0.04,0,0.055,0,0.0637,0,0,0,0,0,0,0.1008,0.0272,0,0.0654,0.002,0,6e-04,0.0284
"V8G",7716,54328.01,18880,39.7,0.0707,0,0.1645,0.2181,0.2548,0.1298,0.1911,0.0417,304000,252000,131000,0,0.0124,0,9e-04,0,0.0013,0.01,0.0647,0.0088,0,3e-04,0,0,1e-04,0.0016,0.0797,0,0,0.0845,0,0.0542,0,0.0369,0,0,0,0.0197,0,0.0124,0.0013,0.0362,0,0.0557,0.0268,0,0.0036,0.0842
"V8J",5095,57857.51,12407,40.6,0.1181,3e-04,0.193,0.2571,0.2618,0.1069,0.1321,0.049,282000,178000,181000,6e-04,0,0,0.0077,0,0.0128,0.0283,0.0361,0,0,0.0039,0,0.0012,0,0.0041,0.0742,0,0,0.0485,0,0.0261,0,0.0114,0,0,0,0,0,0,0.0029,0.0975,0,0.0412,4e-04,0.0033,0.0088,0.0722
"V8K",4921,43891.27,10415,55.7,0.1474,0,0.3613,0.1015,0.2544,0.1021,0.1391,0.0417,526000,322000,181000,0.001,0.0026,0,0,0,0,0,0.0282,0.2953,0,0,0,0,0,0,0.0035,0,0,0,0,0.002,0,0.0161,0,0,0,0.342,0,0.0209,0.0077,0,0,0.0813,0.0177,0,0.0213,0
"V8L",10521,69607.21,23032,57.7,0.1544,3e-04,0.2948,0.1117,0.2506,0.1161,0.171,0.0558,614000,610000,385000,2e-04,0.0132,0,0.1314,0,8e-04,0.0124,0.1593,0.1994,0,0,0,0,0,2e-04,0.0192,0,0.0389,0.0335,0,0.0126,0,0.0887,0.0032,0,0,0.0345,0,3e-04,9e-04,0.0052,0,0.1348,0,0,0,0.0241
"V8M",6837,73468.45,16158,50.8,0.1444,0,0.2469,0.1399,0.2639,0.1113,0.1854,0.0525,701000,586000,372000,0,0,0,6e-04,0,0,0.0293,0.2033,0.2431,0,0,0,0,0,0,0,0,0,0.0803,0,0.0073,0,0.1365,0,0,0,0.0177,0,0,0,0,0,0.0897,0,0,0.002,0.03
"V8N",9331,82331.84,24439,44.2,0.2672,0,0.4605,0.0942,0.2002,0.063,0.1252,0.0569,799000,576000,334000,0.0035,0.0091,0,0.199,0.0208,0.0053,0.1728,0.0145,0.0378,0,0.0034,0.0019,0.3124,5e-04,0,0.001,0.0017,0,0.0111,0,3e-04,5e-04,0.0077,0.0171,0,0,0,0,0,0,3e-04,0.0059,0.043,0,0.0178,0,0.0018
"V8P",8488,63541.22,19269,42.6,0.2127,1e-04,0.406,0.107,0.2292,0.0693,0.135,0.0535,799000,576000,334000,0.0104,0.006,0,0.0511,0,1e-04,0.2603,0.0079,0.0224,0,0.1628,0,0.0472,7e-04,0,0,0,0,0.0025,0,0,0,0.0153,0.0033,0,0.0027,0,0,0,0,0.0015,0,0.0972,0,0.0014,0,0
"V8R",10744,53250.46,23044,41.5,0.1869,2e-04,0.4046,0.1023,0.2386,0.0634,0.1398,0.0513,1160000,208000,572000,0.0266,0.0042,0,0.0385,0,3e-04,0.1875,0.003,0.0048,2e-04,0.1883,0,0,0,6e-04,1e-04,0,0,7e-04,0,0,0,0.004,2e-04,0,0.0082,0,0,0,0,2e-04,0.0326,0.0201,0,0,0,0
"V8S",8896,62172.05,18148,51.1,0.1678,1e-04,0.4985,0.0638,0.1938,0.0578,0.1332,0.053,1160000,208000,572000,0.0021,0.0017,0,0.0689,0,3e-04,0.3748,0.0044,0.0256,0,0.1334,0,2e-04,0,0,0.0037,0,0.0785,0,0,0,0,0.0053,2e-04,1e-04,0,0,0,0,0,0,0.0471,0.0555,0,0,0,0
"V8T",10115,37115.14,19281,36.2,0.2251,1e-04,0.2901,0.1588,0.2444,0.0839,0.1641,0.0587,802000,635000,418000,0,9e-04,0,0,0,2e-04,0.0109,0,0.0022,0,0.064,0,0.0018,0,0,2e-04,0.0022,0.0111,0,0,2e-04,0,0.0034,3e-04,0.0199,0.0466,0,0,0,0,0,0.0653,0.0176,0,5e-04,0,0.0021
"V8V",15868,38936.17,25290,47.7,0.1881,0,0.4015,0.0823,0.2264,0.0679,0.166,0.056,802000,635000,418000,4e-04,0,0,8e-04,0,1e-04,0.0254,0,0.0058,0,0.0812,0,0,0,0,0,0.0022,0.0365,0,0,0,0,3e-04,0,0.112,0.0219,0,0.0014,0,0,0,0.1785,0.033,0,0.0024,0,3e-04
"V8W",3113,30405.07,4397,39.2,0.2656,2e-04,0.3791,0.1055,0.2281,0.0609,0.1629,0.0635,802000,635000,418000,0,0,0,0,0,0,0.0013,0,0,0.08,3e-04,0,0,0,0,0,0,0.0138,0,0,0,0,0,0,0.1105,3e-04,0,0,0,0,0,0.5705,3e-04,0,0,0,0
"V8X",10327,60701.61,23420,40.8,0.2239,0,0.343,0.108,0.2633,0.0841,0.149,0.0526,799000,576000,334000,4e-04,0.0017,0,0.0846,3e-04,0.0061,0.1278,0.021,0.0399,0,0.1163,0,0.0793,0.001,4e-04,0.0046,0.0017,0,0.0164,0,8e-04,0,0.0097,0.0208,0,0.0663,0,0,0,0,0,0,0.0389,0,0.0267,0,0.0092
"V8Y",4058,94385.32,10052,54.1,0.2284,0,0.4113,0.0893,0.2264,0.0675,0.1468,0.0587,799000,576000,334000,0.002,0.0205,0,0.3992,0,0.0037,0.158,0.1405,0.1481,0,0,0,0.038,0,5e-04,0.0054,0,0,0.0192,0,0.0027,0,0.0232,0.0062,0,0,5e-04,0,5e-04,0.0012,0,0,0.0202,0,0,0,0.0039
"V8Z",12649,68437.75,31978,41.4,0.2344,1e-04,0.2704,0.1397,0.2698,0.0953,0.1752,0.0496,799000,576000,334000,0,0.0056,0,0.0064,0,0.0022,0.1063,0.0675,0.0769,0,0.0585,0,0.0634,0.0015,0.0028,0.0096,0.0212,0,0.0686,0,0.0096,0,0.0516,0.0279,0,0.0022,0.0017,0,0,0,0.0055,0,0.1315,0,0.0671,0,0.0448
"V9A",19824,53467.52,39027,43,0.1609,4e-04,0.2573,0.1465,0.2639,0.1073,0.1811,0.0439,668000,554000,326000,0,2e-04,0,1e-04,0,0,0.0516,0.0037,0.0451,0.0052,0.0981,0,2e-04,0,0.001,0.0053,0.0021,0.0422,0.0027,0,1e-04,0,0.0154,2e-04,0.0471,0.0628,1e-04,0,0,1e-04,0.0042,0.0023,0.1208,0,0.0043,5e-04,0.0345
"V9B",18161,76014.08,44443,39.8,0.1099,1e-04,0.2059,0.1348,0.3043,0.1138,0.1985,0.0426,697000,208000,181000,2e-04,0.0022,0,0.0082,0,0.0169,0.0437,0.0356,0.0268,0,3e-04,0,0.0086,0.003,0.0543,0.0503,0.032,0,0.132,0,0.034,9e-04,0.0113,9e-04,0,0.0399,1e-04,0,0.0032,9e-04,0.0436,0,0.0994,0.002,0,0,0.2452
"V9C",9223,82230.38,23696,40.8,0.1308,0,0.2199,0.1226,0.3033,0.1186,0.195,0.0406,705000,208000,181000,0,2e-04,0,0.0043,0,0.013,0.008,0.1813,0.0639,0,0,0,1e-04,0,0.0379,0.0613,0,0,0.1867,0,0.0635,0,0.0432,0.0026,0,0,0.0239,0,0,1e-04,0.0874,0,0.0423,0,0,0.0031,0.1103
"V9E",2071,84101.39,5158,51.1,0.1594,0,0.3309,0.112,0.2626,0.1034,0.1524,0.0386,799000,576000,334000,0,0,0,0.0087,0,0.0135,0.0101,0.3481,0.2361,0,0,0,0,0,0.0029,0.0077,0,0,0.0676,0,0.0111,0,0.1371,0,0,0,0.013,0,0,0,0,0,0.1115,0,0,0,0.0135
"V9G",6739,58273.85,15402,52.6,0.1032,0,0.1962,0.1641,0.2574,0.1348,0.1931,0.0545,433000,298000,213000,0,0,0,0,0,0,0,0.0252,0.1362,0,0,0,0,0,0.005,0.0092,0,0,0.0068,0,0.0464,0,0.0755,0,0,0,0.2678,0,0.0288,0.0139,0,0,0.0229,0,0,0.0079,0.0175
"V9H",3924,69581.98,9502,48.1,0.1162,2e-04,0.176,0.1665,0.2778,0.1447,0.1909,0.0441,366000,304000,204000,0,0.0059,0,0,0,0,0,0.1644,0.105,0,0,0,0,0,0.0041,0.0586,0,0,0.015,0,0.1881,0,0.0104,0,0,0,0.1259,0,0.0293,0.0084,0.0056,0,0.0349,0.0051,0,0.0464,0.0364
"V9J",4084,61933.86,9843,53.1,0.1317,0,0.2328,0.1278,0.2843,0.1396,0.1756,0.0399,457000,311000,224000,0,0,0,0,0,0,0,0.0544,0.2353,0,0,0,0,0,0,0.0184,0,0,0.0054,0,0.0419,0,0.0602,0,0,0,0.2826,0,0.0399,0.0215,0,0,0.0311,0.0311,0,0.0382,7e-04
"V9K",8045,52262.58,17258,60.4,0.1358,0,0.2144,0.1277,0.2768,0.1168,0.2036,0.0608,552000,208000,285000,0,0,0,0.0026,0,0,0.005,0.0436,0.1027,0,0,0,0,0,0,0.001,0,0,0.0073,0,0.0173,0,0.0385,0,0,0,0.4977,0,0.0421,0.0029,2e-04,0,0.0484,0.0014,0,0.0158,0.0041
"V9L",15279,57060.12,35641,46.9,0.1224,3e-04,0.1909,0.1739,0.2959,0.1234,0.161,0.055,318000,230000,219000,0,0.0023,0,0.0013,0,0,0.0026,0.1048,0.0997,0,0,0,0,0,6e-04,0.0094,0,0,0.0234,0,0.0412,0,0.0653,0,0,1e-04,0.0613,0,0.0111,0.0321,0.0092,0,0.0473,0.0073,0,0.0154,0.1218
"V9M",8058,61523.33,17779,52.7,0.1218,5e-04,0.2422,0.127,0.2597,0.1225,0.2016,0.0471,457000,311000,224000,0,0.0021,0,0.0072,0,0,0.004,0.1737,0.1436,0,0.0037,0,0,0,0,0.0087,0,0,0.0527,0,0.0432,0,0.1634,0,0,0,0.0706,0,0.0011,2e-04,0.0017,0,0.1188,0,0,0.0021,0.0236
"V9N",13976,45809.11,30542,48.4,0.1279,2e-04,0.1592,0.189,0.2754,0.1407,0.1904,0.0452,457000,311000,224000,0,0,0,0.0045,0,0,0.0137,0.1066,0.0829,0,5e-04,0,0,0,0.0036,0.0109,0,0,0.0555,0,0.0231,0,0.0532,0,0,1e-04,0.0389,0,0.0085,0.0016,0.0311,0,0.1272,0.002,0,0.0047,0.0812
"V9P",13480,51679.44,28548,59.1,0.14,2e-04,0.2197,0.1493,0.2701,0.1239,0.1847,0.0524,450000,208000,276000,0,0,0,0.018,0,0,0,0.0691,0.1256,0,0,0,0,0,0,0.001,0,0,0.0243,0,0.0226,0,0.0438,0,0,0,0.3744,0,0.0209,0.0037,1e-04,0,0.0697,0,0,0.0019,0.0083
"V9R",13120,42099.65,27360,41.8,0.1534,4e-04,0.1913,0.1721,0.2809,0.1254,0.1706,0.0598,457000,351000,291000,0,8e-04,0,0,0,0,0.0116,0.0243,0.049,0,0,0,0,0,5e-04,0.0085,0,0.0217,0.0575,0,0.0149,0,0.0335,0,0.0043,0.0027,0.0236,0,0,0.005,0.0199,0.0043,0.0614,0,0,0,0.1174
"V9S",8449,43980.53,16173,44.5,0.1444,1e-04,0.1925,0.1585,0.2894,0.1206,0.1779,0.061,457000,351000,291000,0,0,0,0,0,0,0.0201,0.0175,0.0198,0,0,0,0,0,9e-04,0.007,2e-04,0.0245,0.0533,0,0.0041,0,0.0347,2e-04,0,0.0066,0,0,0,5e-04,0.0098,0,0.1508,0,6e-04,0,0.0947
"V9T",14090,60829.86,31647,46.8,0.1651,0,0.2154,0.1242,0.28,0.1186,0.1972,0.0645,457000,351000,291000,0.0011,0.0016,0,0.0108,0,1e-04,0.0209,0.1159,0.0942,0,0,0,0,0,0.0057,0.0206,0.0012,0.0117,0.1495,0,0.0356,0,0.0691,5e-04,0,0,0.042,0,0,1e-04,0.0165,0,0.1108,0,0,0,0.1036
"V9V",4598,72074.14,10725,51.6,0.2009,0,0.2933,0.1331,0.2396,0.0877,0.1682,0.078,457000,351000,291000,0,0,0,0.0265,0,0.0104,0.0461,0.3969,0.1405,0,0,0,0,0,0,0.0087,0,0,0.0509,0,0.0024,0,0.0968,0,0,0,0.0239,0,0,0,0.0154,0,0.1059,0,0,0,0.0442
"V9W",12819,52052.15,28219,48.3,0.1126,2e-04,0.1329,0.1935,0.3003,0.1518,0.1838,0.0376,366000,304000,204000,0,0.0016,0,4e-04,0,1e-04,0.0065,0.054,0.0185,0,0,0,0,0,0.0025,0.0367,0,0,0.0941,0,0.035,0,0.0782,0,0,0,0.0267,0,0.0036,0.004,0.0151,0,0.1576,0.001,0,0.0097,0.1119
"V9X",4084,64427.06,10387,44.2,0.0993,1e-04,0.1653,0.1605,0.2974,0.1471,0.1787,0.051,433000,298000,213000,0,0,0,0,0,0,0,0.0238,0.0487,0,0,0,0,0,0,0.0642,0,0,0.0399,0,0.157,0,0.0252,0,0,0,0.0982,0,0.0311,0.0693,0,0,0,0.0184,0,0.0881,0.0289
"V9Y",11472,53636.74,24800,49.5,0.0802,2e-04,0.1047,0.2296,0.3029,0.1482,0.1708,0.0439,255000,253000,142000,0,0,0,0,0,0,0.0042,0.0245,0.0403,0,0,0,0,0,0,0.012,0,0,0.0559,0,0.0268,0,0.0916,1e-04,0,0,0.069,0,0.0353,0.0163,0.0044,0,0.0656,0.0039,0,0.0138,0.0028
"V9Z",7453,66241.13,18027,44,0.1171,4e-04,0.1876,0.1495,0.2707,0.1477,0.1892,0.0554,464000,375000,219000,0,0,0,3e-04,0,0,0.0055,0.027,0.0788,0,0,0,0,0,0.0011,0.0024,0,0,0.0742,0,0.1803,0,0.0553,0,0,0,0.1065,0,0.0306,0.0123,0.0227,0,0.0188,0,0,0.006,0.1595
